id,ref,hyp,ref_norm,hyp_norm
1904,"However, due to the slow communication channels, styles in the west could lag behind by 25 to 30 year.","However, due to the slow communication channels, styles in the West could lag behind by 25 to 30 years.",however due to the slow communication channels styles in the west could lag behind by 25 to 30 year,however due to the slow communication channels styles in the west could lag behind by 25 to 30 years
1675,"All nouns, alongside the word Sie for you, always begin with a capital letter, even in the middle of a sentence.",All nouns alongside the world's say for you always begin with a capital letter even in the middle of a sentence.,all nouns alongside the word sie for you always begin with a capital letter even in the middle of a sentence,all nouns alongside the world s say for you always begin with a capital letter even in the middle of a sentence
1950,To the north and within easy reach is the romantic and fascinating town of Sintra and which was made famous to foreigners after a glowing account of its splendours recorded by Lord Byron.,To the north and within easy reach is a romantic and fascinating town of Cintra and which was made famous to foreigners after a glowing account of its splendor is recorded by Lord Byron.,to the north and within easy reach is the romantic and fascinating town of sintra and which was made famous to foreigners after a glowing account of its splendours recorded by lord byron,to the north and within easy reach is a romantic and fascinating town of cintra and which was made famous to foreigners after a glowing account of its splendor is recorded by lord byron
1728,The cabbage juice changes color depending on how acidic or basic (alkaline) the chemical is.,"The cabbage juice changes color depending on how acidic, basic alkaline the chemical is.",the cabbage juice changes color depending on how acidic or basic alkaline the chemical is,the cabbage juice changes color depending on how acidic basic alkaline the chemical is
1972,Many people don't think about them as dinosaurs because they have feathers and can fly.,Many people don't think about them as dinosaurs because they have feathers and can fly.,many people don t think about them as dinosaurs because they have feathers and can fly,many people don t think about them as dinosaurs because they have feathers and can fly
1938,"The hospital has followed protocol for infection control, including separating the patient from others to prevent possible infection of others.","The hospital has followed protocol for infection control, including separating the patient from others to prevent possible infection of others.",the hospital has followed protocol for infection control including separating the patient from others to prevent possible infection of others,the hospital has followed protocol for infection control including separating the patient from others to prevent possible infection of others
1876,The Northern Marianas emergency management office said that there were no damages reported in the nation.,The Northern Mariana's Emergency Management Office said that there were no damages reported in the nation.,the northern marianas emergency management office said that there were no damages reported in the nation,the northern mariana s emergency management office said that there were no damages reported in the nation
1914,Twentieth century research has shown that there are two pools of genetic variation: hidden and expressed.,20th century research has shown that there are two pools of genetic variation hidden and expressed.,twentieth century research has shown that there are two pools of genetic variation hidden and expressed,20th century research has shown that there are two pools of genetic variation hidden and expressed
1846,The aspect ratio of this format (dividing by twelve to obtain the simplest whole-number ratio) is therefore said to be 3:2.,"The aspect ratio of this format, dividing by 12 to obtain the simplest whole number ratio is therefore said to be free to two.",the aspect ratio of this format dividing by twelve to obtain the simplest whole number ratio is therefore said to be 3 2,the aspect ratio of this format dividing by 12 to obtain the simplest whole number ratio is therefore said to be free to two
1806,"As light pollution in their heyday was not the kind of problem it is today, they are usually located in cities or at campuses, easier to reach than those built in modern times.","As light pollution in their heyday was not the kind of problem it is today, they are usually located in cities or at campuses, easier to reach than those built in modern times.",as light pollution in their heyday was not the kind of problem it is today they are usually located in cities or at campuses easier to reach than those built in modern times,as light pollution in their heyday was not the kind of problem it is today they are usually located in cities or at campuses easier to reach than those built in modern times
1776,"Through the night between 150 and 200 copies were made, now known as ""Dunlap broadsides"".",For the night between 150 and 200 copies were made now known as the Inlap Broad Sides.,through the night between 150 and 200 copies were made now known as dunlap broadsides,for the night between 150 and 200 copies were made now known as the inlap broad sides
1729,"For example, each year students from Bennet School in North Carolina design a website about their trip to the State Capital, each year the website gets remodeled, but old versions are kept online to serve as a scrapbook.","For example, each year students from Bennett School in North Carolina design a website about their trip to the state capitol. Each year the website gets remodeled, but old versions are kept online to service a scrapbook.",for example each year students from bennet school in north carolina design a website about their trip to the state capital each year the website gets remodeled but old versions are kept online to serve as a scrapbook,for example each year students from bennett school in north carolina design a website about their trip to the state capitol each year the website gets remodeled but old versions are kept online to service a scrapbook
1855,"Lion prides act much like packs of wolves or dogs, animals surprisingly similar to lions (but not other big cats) in behavior, and also very deadly to their prey.","Lion prides act much like packs of wolves or dogs, animals surprisingly similar to lions, but not other big cats in behavior, and also very deadly to their prey.",lion prides act much like packs of wolves or dogs animals surprisingly similar to lions but not other big cats in behavior and also very deadly to their prey,lion prides act much like packs of wolves or dogs animals surprisingly similar to lions but not other big cats in behavior and also very deadly to their prey
1919,The city is also the base to climb the Nyiragongo volcano along with some of the cheapest Mountain Gorilla tracking in Africa.,The city is also the base to climb the Nairai Gango volcano along with some of the cheapest mountain gorilla trafficking in Africa.,the city is also the base to climb the nyiragongo volcano along with some of the cheapest mountain gorilla tracking in africa,the city is also the base to climb the nairai gango volcano along with some of the cheapest mountain gorilla trafficking in africa
1802,The Internet combines elements of both mass and interpersonal communication.,The internet combines elements of both mass and interpersonal communication.,the internet combines elements of both mass and interpersonal communication,the internet combines elements of both mass and interpersonal communication
1711,These theories look at what it is about certain people that make them want the things that they do and what things in their environment will make them do or not do certain things.,These things look at what it is about certain people that make them want the things that they do and what things in their environment will make them do or not do certain things.,these theories look at what it is about certain people that make them want the things that they do and what things in their environment will make them do or not do certain things,these things look at what it is about certain people that make them want the things that they do and what things in their environment will make them do or not do certain things
1685,"For example, the most common still image photography format in the world is 35mm, which was the dominant film size at the close of the analog film era.","For example, the most common still-image photography format in the world is 35mm, which was the dominant film size at the close of the analog film era.",for example the most common still image photography format in the world is 35mm which was the dominant film size at the close of the analog film era,for example the most common still image photography format in the world is 35mm which was the dominant film size at the close of the analog film era
1992,"The term safari in popular use refers to overland travel to view the stunning African wildlife, particularly on savanna.",The term safari in popular loose refers to overland travel to view the stunning African wildlife particularly on Savannah.,the term safari in popular use refers to overland travel to view the stunning african wildlife particularly on savanna,the term safari in popular loose refers to overland travel to view the stunning african wildlife particularly on savannah
2005,But there are a lot of things about birds that still look like a dinosaur.,But there are a lot of things about birds that still look like a dinosaur.,but there are a lot of things about birds that still look like a dinosaur,but there are a lot of things about birds that still look like a dinosaur
1982,"Women: It is recommended that any women travellers say that they are married, regardless of actual marital status.",Women is recommended that any women travelers say that they are married regardless of actual marital status.,women it is recommended that any women travellers say that they are married regardless of actual marital status,women is recommended that any women travelers say that they are married regardless of actual marital status
1674,"In some areas boiling water for a minute is enough, in others several minutes are needed.","In some areas, boiling water for a minute is enough and other several minutes are needed.",in some areas boiling water for a minute is enough in others several minutes are needed,in some areas boiling water for a minute is enough and other several minutes are needed
1952,"Anyone who's going to drive at high latitudes or over mountain passes should consider the possibility of snow, ice, or freezing temperatures.","Anyone who is going to drive at hot latitudes or over, Mountain Passes should consider the possibility of snow, ice, or freezing temperatures.",anyone who s going to drive at high latitudes or over mountain passes should consider the possibility of snow ice or freezing temperatures,anyone who is going to drive at hot latitudes or over mountain passes should consider the possibility of snow ice or freezing temperatures
1752,"As a result, two fish species have become extinct, and two others have become endangered, including the humpback chub.","As a result, two fish species have become extinct and two others have become endangered, including the humpback chub.",as a result two fish species have become extinct and two others have become endangered including the humpback chub,as a result two fish species have become extinct and two others have become endangered including the humpback chub
1749,"It was ruled by the ""Vichy"" French. These were French people who had made peace with the Germans in 1940 and worked with the invaders instead of fighting them.",It was ruled by the Vicky French. These were French people who had made peace with the Germans in 1940 and worked with the invaders instead of fighting them.,it was ruled by the vichy french these were french people who had made peace with the germans in 1940 and worked with the invaders instead of fighting them,it was ruled by the vicky french these were french people who had made peace with the germans in 1940 and worked with the invaders instead of fighting them
1705,"On 15 August 1940, the Allies invaded southern France, the invasion was called ""Operation Dragoon"".","On August 15, 1940, the Allies invaded southern France and the invasion was called Operation Dragoon.",on 15 august 1940 the allies invaded southern france the invasion was called operation dragoon,on august 15 1940 the allies invaded southern france and the invasion was called operation dragoon
1662,Alloys are basically a mixture of two or more metals. Don't forget that there are many elements on the periodic table.,Alloys are basically a mixture of two or more metals. Don't forget there are many elements on the PRID table.,alloys are basically a mixture of two or more metals don t forget that there are many elements on the periodic table,alloys are basically a mixture of two or more metals don t forget there are many elements on the prid table
1729,"For example, each year students from Bennet School in North Carolina design a website about their trip to the State Capital, each year the website gets remodeled, but old versions are kept online to serve as a scrapbook.","For example, each year students from Bennett School in North Carolina design a website about their trip to the state capitol. Each year the website gets remodeled, but old versions are kept online to serve as a scrapbook.",for example each year students from bennet school in north carolina design a website about their trip to the state capital each year the website gets remodeled but old versions are kept online to serve as a scrapbook,for example each year students from bennett school in north carolina design a website about their trip to the state capitol each year the website gets remodeled but old versions are kept online to serve as a scrapbook
1790,"His work is of such recognized quality and detail that he is one of the very few ""household names"" among philatelists. Some specialize in collecting his work alone.",His work is of such recognized quality and detail that he is one of the very few household names among Philotelists. Sun specialized in collecting his work alone.,his work is of such recognized quality and detail that he is one of the very few household names among philatelists some specialize in collecting his work alone,his work is of such recognized quality and detail that he is one of the very few household names among philotelists sun specialized in collecting his work alone
1858,"Danielle Lantagne, a UN expert on the disease, stated the outbreak was likely caused by the peacekeepers.","Daniel Landtaghy, a UN expert on the disease stated that outbreak was likely caused by the peacekeepers.",danielle lantagne a un expert on the disease stated the outbreak was likely caused by the peacekeepers,daniel landtaghy a un expert on the disease stated that outbreak was likely caused by the peacekeepers
1789,"The other nominations include Best Picture, Director, Cinematography, Costume Design, Film-editing, Original Score, Production Design, Sound Editing, Sound Mixing and Original Screenplay.","The other nominations include Best Picture, Director of Cinematography, Cosmic Design, Film Editing, Original Score, Progression Design, Sound Editing, Sound Mixing, and Original Screenplay.",the other nominations include best picture director cinematography costume design film editing original score production design sound editing sound mixing and original screenplay,the other nominations include best picture director of cinematography cosmic design film editing original score progression design sound editing sound mixing and original screenplay
1909,"Virtual teams are held to the same standards of excellence as conventional teams, but there are subtle differences.","Virtual teams are held to the same standard of excellence as conventional teams, but there are subtle differences.",virtual teams are held to the same standards of excellence as conventional teams but there are subtle differences,virtual teams are held to the same standard of excellence as conventional teams but there are subtle differences
1897,"In the north the region is bounded by the Sahel, and in the south and west by the Atlantic Ocean.","In the north, the region is bounded by the Sahel and in the south and west by the Atlantic Ocean.",in the north the region is bounded by the sahel and in the south and west by the atlantic ocean,in the north the region is bounded by the sahel and in the south and west by the atlantic ocean
1680,"A well rounded athlete, the tiger can climb (though not well), swim, leap great distances and pull with five times the force of a strong human.","A well-rounded athlete, the tiger can climb, though not well, swim, leap great distances and pull with five times the force of a strong human.",a well rounded athlete the tiger can climb though not well swim leap great distances and pull with five times the force of a strong human,a well rounded athlete the tiger can climb though not well swim leap great distances and pull with five times the force of a strong human
1953,He was subsequently relocated to Addenbrooke's Hospital in Cambridge.,He was subsequently relocated to Addenbrook's Hospital in Cambridge.,he was subsequently relocated to addenbrooke s hospital in cambridge,he was subsequently relocated to addenbrook s hospital in cambridge
1740,The pyramid sound and light show is one of the most interesting things in the area for kids.,The Pyramid Sound and Light Show is one of the most interesting things in the area for kids.,the pyramid sound and light show is one of the most interesting things in the area for kids,the pyramid sound and light show is one of the most interesting things in the area for kids
1717,"Due to the underwater topology the return flow is concentrated at a few deeper sections, and a fast current to deep water may form there.","Due to the underwater topology, the return flow is concentrated at a few deeper sections and a fast current to deep water may form there.",due to the underwater topology the return flow is concentrated at a few deeper sections and a fast current to deep water may form there,due to the underwater topology the return flow is concentrated at a few deeper sections and a fast current to deep water may form there
1987,"The crash occurred high up in mountainous terrain, and is believed to have been the result of hostile fire.",The crash occurred high up in mountainous terrain and is believed to have been the result of hostile fire.,the crash occurred high up in mountainous terrain and is believed to have been the result of hostile fire,the crash occurred high up in mountainous terrain and is believed to have been the result of hostile fire
1990,"Blogs can also help improve student writing. While students often begin their blog experience with sloppy grammar and spelling, the presence of an audience generally changes that.","Blogs can also help improve student writing, while students often begin their blog experience with sloppy grammar and spelling, the presence of an audience generally changes that.",blogs can also help improve student writing while students often begin their blog experience with sloppy grammar and spelling the presence of an audience generally changes that,blogs can also help improve student writing while students often begin their blog experience with sloppy grammar and spelling the presence of an audience generally changes that
1908,This is an important way to distinguish between some verbs and objects.,This is an important way to distinguish between some verbs and objects.,this is an important way to distinguish between some verbs and objects,this is an important way to distinguish between some verbs and objects
1752,"As a result, two fish species have become extinct, and two others have become endangered, including the humpback chub.","As a result, two fish species have become extinct and two others have become endangered, including the humpback chub.",as a result two fish species have become extinct and two others have become endangered including the humpback chub,as a result two fish species have become extinct and two others have become endangered including the humpback chub
2005,But there are a lot of things about birds that still look like a dinosaur.,But there are a lot of things about birds that still look like a dinosaur.,but there are a lot of things about birds that still look like a dinosaur,but there are a lot of things about birds that still look like a dinosaur
1678,"Oliver Sacks, in his paper The President's Speech, indicated how people who are unable to understand speech because of brain damage are nevertheless able to assess sincerity accurately.","Oliver Sacks in his paper, the President's speech, indicated how people who are unable to understand speech because of brain damage are nevertheless able to assess sincerity accurately.",oliver sacks in his paper the president s speech indicated how people who are unable to understand speech because of brain damage are nevertheless able to assess sincerity accurately,oliver sacks in his paper the president s speech indicated how people who are unable to understand speech because of brain damage are nevertheless able to assess sincerity accurately
1701,"Goats seem to have been first domesticated roughly 10,000 years ago in the Zagros Mountains of Iran.","Goats seem to have been first domesticated roughly 10,000 years ago in the Zagros mountains of Iran.",goats seem to have been first domesticated roughly 10 000 years ago in the zagros mountains of iran,goats seem to have been first domesticated roughly 10 000 years ago in the zagros mountains of iran
2001,Travellers are strongly advised to be aware of any risk of severe weather affecting their area as they may affect any travel plans.,Travelers are strongly advised to be aware of any risk of severe weather affecting their area as they may affect any travel plans.,travellers are strongly advised to be aware of any risk of severe weather affecting their area as they may affect any travel plans,travelers are strongly advised to be aware of any risk of severe weather affecting their area as they may affect any travel plans
1991,"During this period of European history, the Catholic Church, which had become rich and powerful, came under scrutiny.","During this period of European history, the Catholic Church, which had become rich and powerful, came under scrutiny.",during this period of european history the catholic church which had become rich and powerful came under scrutiny,during this period of european history the catholic church which had become rich and powerful came under scrutiny
1895,"As knowledge of Greek declined, the West found itself cut off from its Greek philosophical and scientific roots.","As knowledge of Greek decline, the West found itself cut off from its Greek philosophical and scientific roots.",as knowledge of greek declined the west found itself cut off from its greek philosophical and scientific roots,as knowledge of greek decline the west found itself cut off from its greek philosophical and scientific roots
1710,"Last week, METI announced that Apple had informed it of 34 additional overheating incidents, which the company called ""non-serious.""","Last week, Mehdi announced that Apple had informed it of 34 additional overheating incidents which the company called non-serious.",last week meti announced that apple had informed it of 34 additional overheating incidents which the company called non serious,last week mehdi announced that apple had informed it of 34 additional overheating incidents which the company called non serious
1975,Vatican City's population is around 800. It is the smallest independent country in the world and the country with the lowest population.,Vatican City population is around 800. It is the smallest independent country in the world and the population.,vatican city s population is around 800 it is the smallest independent country in the world and the country with the lowest population,vatican city population is around 800 it is the smallest independent country in the world and the population
1864,"Mrs. Kirchner announced her intention to run for president at the Argentine Theatre, the same location she used to start her 2005 campaign for the Senate as member of the Buenos Aires province delegation.","Mrs. Kirchner announced her intention to run for president at the Argentine Theater, same location she used to start her 2005 campaign for the Senate as member of the Buenos Aires Province delegation.",mrs kirchner announced her intention to run for president at the argentine theatre the same location she used to start her 2005 campaign for the senate as member of the buenos aires province delegation,mrs kirchner announced her intention to run for president at the argentine theater same location she used to start her 2005 campaign for the senate as member of the buenos aires province delegation
1720,The hot chocolate is up to Belgian standards. Fruit juices are pricey but excellent.,The hot chocolate is up to Belgian standards. Free juices are pricey but excellent.,the hot chocolate is up to belgian standards fruit juices are pricey but excellent,the hot chocolate is up to belgian standards free juices are pricey but excellent
